,error,type,id,key,value,action
0,deprecated,node,449673000,power,sub_station,update_tag
1,deprecated,node,469732906,power,sub_station,update_tag
2,deprecated,node,600168181,sport,football,update_tag
3,deprecated,node,635933984,power,station,update_tag
4,deprecated,node,636089790,power,station,update_tag
5,deprecated,node,694114075,power,sub_station,update_tag
6,deprecated,node,863038764,name:botanical,Júglans régia,update_tag
7,deprecated,node,863038845,name:botanical,Júglans régia,update_tag
8,deprecated,node,863039005,name:botanical,Júglans régia,update_tag
9,deprecated,node,863039247,name:botanical,Júglans régia,update_tag
10,deprecated,node,863039332,name:botanical,Júglans régia,update_tag
11,deprecated,node,863039461,name:botanical,Júglans régia,update_tag
12,deprecated,node,863039523,name:botanical,Castánea,update_tag
13,deprecated,node,863039558,name:botanical,Júglans régia,update_tag
14,deprecated,node,863657258,name:botanical,Júglans régia,update_tag
15,deprecated,node,863657398,name:botanical,Platánus,update_tag
16,deprecated,node,863657504,name:botanical,Júglans régia,update_tag
17,deprecated,node,863657561,name:botanical,Sálix,update_tag
18,deprecated,node,863657624,name:botanical,Júglans régia,update_tag
19,deprecated,node,863657751,name:botanical,Júglans régia,update_tag
20,deprecated,node,863657792,name:botanical,Júglans régia,update_tag
21,deprecated,node,863657859,name:botanical,Júglans régia,update_tag
22,deprecated,node,863657907,name:botanical,Júglans régia,update_tag
23,deprecated,node,863658073,name:botanical,Júglans régia,update_tag
24,deprecated,node,863658133,name:botanical,Sálix,update_tag
25,deprecated,node,863658155,name:botanical,Júglans régia,update_tag
26,deprecated,node,863658214,name:botanical,Júglans régia,update_tag
27,deprecated,node,863658425,name:botanical,Júglans régia,update_tag
28,deprecated,node,863658455,name:botanical,Júglans régia,update_tag
29,deprecated,node,863658494,name:botanical,Júglans régia,update_tag
30,deprecated,node,863658531,name:botanical,Júglans régia,update_tag
31,deprecated,node,863658565,name:botanical,Júglans régia,update_tag
32,deprecated,node,863658632,name:botanical,Júglans régia,update_tag
33,deprecated,node,863658730,name:botanical,Platánus,update_tag
34,deprecated,node,863658883,name:botanical,Sálix,update_tag
35,deprecated,node,863658926,name:botanical,Júglans régia,update_tag
36,deprecated,node,863658984,name:botanical,Júglans régia,update_tag
37,deprecated,node,863659109,name:botanical,Júglans régia,update_tag
38,deprecated,node,863659177,name:botanical,Júglans régia,update_tag
39,deprecated,node,863659243,name:botanical,Sálix,update_tag
40,deprecated,node,863659263,name:botanical,Júglans régia,update_tag
41,deprecated,node,863659371,name:botanical,Sálix,update_tag
42,deprecated,node,863659459,name:botanical,Júglans régia,update_tag
43,deprecated,node,863659468,name:botanical,Júglans régia,update_tag
44,deprecated,node,1016293343,building,entrance,update_tag
45,deprecated,node,1016333013,building,entrance,update_tag
46,deprecated,node,1052688432,power,sub_station,update_tag
47,deprecated,node,1057542894,building,entrance,update_tag
48,deprecated,node,1057543007,building,entrance,update_tag
49,deprecated,node,1057543265,building,entrance,update_tag
50,deprecated,node,1057543296,building,entrance,update_tag
51,deprecated,node,1057543394,building,entrance,update_tag
52,deprecated,node,1057543538,building,entrance,update_tag
53,deprecated,node,1057543682,building,entrance,update_tag
54,deprecated,node,1067358746,building,entrance,update_tag
55,deprecated,node,1067358773,building,entrance,update_tag
56,deprecated,node,1067358788,building,entrance,update_tag
57,deprecated,node,1067358789,building,entrance,update_tag
58,deprecated,node,1067358799,building,entrance,update_tag
59,deprecated,node,1067358800,building,entrance,update_tag
60,deprecated,node,1067358817,building,entrance,update_tag
61,deprecated,node,1067358829,building,entrance,update_tag
62,deprecated,node,1067358836,building,entrance,update_tag
63,deprecated,node,1067358837,building,entrance,update_tag
64,deprecated,node,1067358838,building,entrance,update_tag
65,deprecated,node,1067358843,building,entrance,update_tag
66,deprecated,node,1067358852,building,entrance,update_tag
67,deprecated,node,1067358853,building,entrance,update_tag
68,deprecated,node,1067358856,building,entrance,update_tag
69,deprecated,node,1067358873,building,entrance,update_tag
70,deprecated,node,1067358914,building,entrance,update_tag
71,deprecated,node,1067358940,building,entrance,update_tag
72,deprecated,node,1067358944,building,entrance,update_tag
73,deprecated,node,1067358953,building,entrance,update_tag
74,deprecated,node,1067358956,building,entrance,update_tag
75,deprecated,node,1067358959,building,entrance,update_tag
76,deprecated,node,1067358992,building,entrance,update_tag
77,deprecated,node,1067359018,building,entrance,update_tag
78,deprecated,node,1067359040,building,entrance,update_tag
79,deprecated,node,1067359049,building,entrance,update_tag
80,deprecated,node,1067359057,building,entrance,update_tag
81,deprecated,node,1067359092,building,entrance,update_tag
82,deprecated,node,1067359094,building,entrance,update_tag
83,deprecated,node,1067359124,building,entrance,update_tag
84,deprecated,node,1067359136,building,entrance,update_tag
85,deprecated,node,1067359174,building,entrance,update_tag
86,deprecated,node,1067359194,building,entrance,update_tag
87,deprecated,node,1067359198,building,entrance,update_tag
88,deprecated,node,1067359215,building,entrance,update_tag
89,deprecated,node,1067359226,building,entrance,update_tag
90,deprecated,node,1067359249,building,entrance,update_tag
91,deprecated,node,1067359254,building,entrance,update_tag
92,deprecated,node,1067359261,building,entrance,update_tag
93,deprecated,node,1067359277,building,entrance,update_tag
94,deprecated,node,1067359280,building,entrance,update_tag
95,deprecated,node,1067359286,building,entrance,update_tag
96,deprecated,node,1067359294,building,entrance,update_tag
97,deprecated,node,1067359305,building,entrance,update_tag
98,deprecated,node,1067359311,building,entrance,update_tag
99,deprecated,node,1067359312,building,entrance,update_tag
100,deprecated,node,1067359314,building,entrance,update_tag
101,deprecated,node,1067359330,building,entrance,update_tag
102,deprecated,node,1067359331,building,entrance,update_tag
103,deprecated,node,1067359338,building,entrance,update_tag
104,deprecated,node,1067359345,building,entrance,update_tag
105,deprecated,node,1067359352,building,entrance,update_tag
106,deprecated,node,1067359355,building,entrance,update_tag
107,deprecated,node,1067359358,building,entrance,update_tag
108,deprecated,node,1067359370,building,entrance,update_tag
109,deprecated,node,1067359385,building,entrance,update_tag
110,deprecated,node,1067359400,building,entrance,update_tag
111,deprecated,node,1067359446,building,entrance,update_tag
112,deprecated,node,1067359449,building,entrance,update_tag
113,deprecated,node,1067359450,building,entrance,update_tag
114,deprecated,node,1067359464,building,entrance,update_tag
115,deprecated,node,1067359467,building,entrance,update_tag
116,deprecated,node,1067359473,building,entrance,update_tag
117,deprecated,node,1067359490,building,entrance,update_tag
118,deprecated,node,1067359493,building,entrance,update_tag
119,deprecated,node,1067359511,building,entrance,update_tag
120,deprecated,node,1067359519,building,entrance,update_tag
121,deprecated,node,1067359542,building,entrance,update_tag
122,deprecated,node,1067359592,building,entrance,update_tag
123,deprecated,node,1067359616,building,entrance,update_tag
124,deprecated,node,1067359628,building,entrance,update_tag
125,deprecated,node,1067360655,building,entrance,update_tag
126,deprecated,node,1067360658,building,entrance,update_tag
127,deprecated,node,1067360659,building,entrance,update_tag
128,deprecated,node,1067360671,building,entrance,update_tag
129,deprecated,node,1067360674,building,entrance,update_tag
130,deprecated,node,1067360676,building,entrance,update_tag
131,deprecated,node,1067360678,building,entrance,update_tag
132,deprecated,node,1067360680,building,entrance,update_tag
133,deprecated,node,1067360683,building,entrance,update_tag
134,deprecated,node,1067360688,building,entrance,update_tag
135,deprecated,node,1067360689,building,entrance,update_tag
136,deprecated,node,1067360690,building,entrance,update_tag
137,deprecated,node,1067360707,building,entrance,update_tag
138,deprecated,node,1067360715,building,entrance,update_tag
139,deprecated,node,1067360721,building,entrance,update_tag
140,deprecated,node,1067360725,building,entrance,update_tag
141,deprecated,node,1067360730,building,entrance,update_tag
142,deprecated,node,1067360734,building,entrance,update_tag
143,deprecated,node,1067360738,building,entrance,update_tag
144,deprecated,node,1067360750,building,entrance,update_tag
145,deprecated,node,1067360752,building,entrance,update_tag
146,deprecated,node,1067360758,building,entrance,update_tag
147,deprecated,node,1067360769,building,entrance,update_tag
148,deprecated,node,1067360782,building,entrance,update_tag
149,deprecated,node,1067360783,building,entrance,update_tag
150,deprecated,node,1067360784,building,entrance,update_tag
151,deprecated,node,1067360793,building,entrance,update_tag
152,deprecated,node,1067360800,building,entrance,update_tag
153,deprecated,node,1067360806,building,entrance,update_tag
154,deprecated,node,1067360808,building,entrance,update_tag
155,deprecated,node,1067360812,building,entrance,update_tag
156,deprecated,node,1067360816,building,entrance,update_tag
157,deprecated,node,1067360831,building,entrance,update_tag
158,deprecated,node,1067360843,building,entrance,update_tag
159,deprecated,node,1067360844,building,entrance,update_tag
160,deprecated,node,1067360850,building,entrance,update_tag
161,deprecated,node,1067364602,building,entrance,update_tag
162,deprecated,node,1067364623,building,entrance,update_tag
163,deprecated,node,1067364626,building,entrance,update_tag
164,deprecated,node,1067364632,building,entrance,update_tag
165,deprecated,node,1067364635,building,entrance,update_tag
166,deprecated,node,1067364636,building,entrance,update_tag
167,deprecated,node,1067364648,building,entrance,update_tag
168,deprecated,node,1067364651,building,entrance,update_tag
169,deprecated,node,1067364675,building,entrance,update_tag
170,deprecated,node,1067364698,building,entrance,update_tag
171,deprecated,node,1067364701,building,entrance,update_tag
172,deprecated,node,1067364710,building,entrance,update_tag
173,deprecated,node,1067364718,building,entrance,update_tag
174,deprecated,node,1067364730,building,entrance,update_tag
175,deprecated,node,1067364732,building,entrance,update_tag
176,deprecated,node,1067364734,building,entrance,update_tag
177,deprecated,node,1067364752,building,entrance,update_tag
178,deprecated,node,1067364762,building,entrance,update_tag
179,deprecated,node,1067364765,building,entrance,update_tag
180,deprecated,node,1067364778,building,entrance,update_tag
181,deprecated,node,1067364787,building,entrance,update_tag
182,deprecated,node,1067364796,building,entrance,update_tag
183,deprecated,node,1067364806,building,entrance,update_tag
184,deprecated,node,1067364810,building,entrance,update_tag
185,deprecated,node,1067364820,building,entrance,update_tag
186,deprecated,node,1067364821,building,entrance,update_tag
187,deprecated,node,1067364826,building,entrance,update_tag
188,deprecated,node,1067364832,building,entrance,update_tag
189,deprecated,node,1067364838,building,entrance,update_tag
190,deprecated,node,1067364843,building,entrance,update_tag
191,deprecated,node,1067364855,building,entrance,update_tag
192,deprecated,node,1067364858,building,entrance,update_tag
193,deprecated,node,1067364876,building,entrance,update_tag
194,deprecated,node,1067364877,building,entrance,update_tag
195,deprecated,node,1067364879,building,entrance,update_tag
196,deprecated,node,1067364880,building,entrance,update_tag
197,deprecated,node,1067364884,building,entrance,update_tag
198,deprecated,node,1067364885,building,entrance,update_tag
199,deprecated,node,1067364891,building,entrance,update_tag
200,deprecated,node,1067364895,building,entrance,update_tag
201,deprecated,node,1067364910,building,entrance,update_tag
202,deprecated,node,1067364912,building,entrance,update_tag
203,deprecated,node,1067364919,building,entrance,update_tag
204,deprecated,node,1067364925,building,entrance,update_tag
205,deprecated,node,1067364931,building,entrance,update_tag
206,deprecated,node,1067364933,building,entrance,update_tag
207,deprecated,node,1067364969,building,entrance,update_tag
208,deprecated,node,1067364986,building,entrance,update_tag
209,deprecated,node,1067365104,building,entrance,update_tag
210,deprecated,node,1067365105,building,entrance,update_tag
211,deprecated,node,1067365106,building,entrance,update_tag
212,deprecated,node,1067365121,building,entrance,update_tag
213,deprecated,node,1067365135,building,entrance,update_tag
214,deprecated,node,1067370919,building,entrance,update_tag
215,deprecated,node,1067370968,building,entrance,update_tag
216,deprecated,node,1067371005,building,entrance,update_tag
217,deprecated,node,1067371040,building,entrance,update_tag
218,deprecated,node,1067371062,building,entrance,update_tag
219,deprecated,node,1067371165,building,entrance,update_tag
220,deprecated,node,1067371170,building,entrance,update_tag
221,deprecated,node,1067371196,building,entrance,update_tag
222,deprecated,node,1067371217,building,entrance,update_tag
223,deprecated,node,1067371237,building,entrance,update_tag
224,deprecated,node,1067371294,building,entrance,update_tag
225,deprecated,node,1067371321,building,entrance,update_tag
226,deprecated,node,1067371364,building,entrance,update_tag
227,deprecated,node,1067371372,building,entrance,update_tag
228,deprecated,node,1067371417,building,entrance,update_tag
229,deprecated,node,1067371445,building,entrance,update_tag
230,deprecated,node,1067371489,building,entrance,update_tag
231,deprecated,node,1067371538,building,entrance,update_tag
232,deprecated,node,1067371560,building,entrance,update_tag
233,deprecated,node,1067371587,building,entrance,update_tag
234,deprecated,node,1067371592,building,entrance,update_tag
235,deprecated,node,1067371657,building,entrance,update_tag
236,deprecated,node,1067371660,building,entrance,update_tag
237,deprecated,node,1067371680,building,entrance,update_tag
238,deprecated,node,1067371743,building,entrance,update_tag
239,deprecated,node,1067371761,building,entrance,update_tag
240,deprecated,node,1067371772,building,entrance,update_tag
241,deprecated,node,1067371795,building,entrance,update_tag
242,deprecated,node,1067380520,building,entrance,update_tag
243,deprecated,node,1067380587,building,entrance,update_tag
244,deprecated,node,1067380592,building,entrance,update_tag
245,deprecated,node,1067380598,building,entrance,update_tag
246,deprecated,node,1067380611,building,entrance,update_tag
247,deprecated,node,1067380629,building,entrance,update_tag
248,deprecated,node,1067380643,building,entrance,update_tag
249,deprecated,node,1067380669,building,entrance,update_tag
250,deprecated,node,1067380671,building,entrance,update_tag
251,deprecated,node,1067380688,building,entrance,update_tag
252,deprecated,node,1067380753,building,entrance,update_tag
253,deprecated,node,1067380770,building,entrance,update_tag
254,deprecated,node,1067380818,building,entrance,update_tag
255,deprecated,node,1067380824,building,entrance,update_tag
256,deprecated,node,1067380839,building,entrance,update_tag
257,deprecated,node,1067380853,building,entrance,update_tag
258,deprecated,node,1067380861,building,entrance,update_tag
259,deprecated,node,1067380872,building,entrance,update_tag
260,deprecated,node,1067380879,building,entrance,update_tag
261,deprecated,node,1067380890,building,entrance,update_tag
262,deprecated,node,1067380900,building,entrance,update_tag
263,deprecated,node,1093836146,power,sub_station,update_tag
264,deprecated,node,1102535831,power,sub_station,update_tag
265,deprecated,node,1150920326,power,sub_station,update_tag
266,deprecated,node,1188979895,power,sub_station,update_tag
267,deprecated,node,1199901549,power,sub_station,update_tag
268,deprecated,node,1200248411,power,station,update_tag
269,deprecated,node,1209119989,power,sub_station,update_tag
270,deprecated,node,1209421901,power,sub_station,update_tag
271,deprecated,node,1210341334,power,sub_station,update_tag
272,deprecated,node,1210341952,power,sub_station,update_tag
273,deprecated,node,1210342644,power,sub_station,update_tag
274,deprecated,node,1210342792,power,sub_station,update_tag
275,deprecated,node,1219234260,power,sub_station,update_tag
276,deprecated,node,1226470912,power,sub_station,update_tag
277,deprecated,node,1226471491,power,sub_station,update_tag
278,deprecated,node,1226530390,power,sub_station,update_tag
279,deprecated,node,1226530409,power,sub_station,update_tag
280,deprecated,node,1227801455,power,sub_station,update_tag
281,deprecated,node,1227972128,power,sub_station,update_tag
282,deprecated,node,1227972236,power,sub_station,update_tag
283,deprecated,node,1227987609,power,sub_station,update_tag
284,deprecated,node,1228999271,power,sub_station,update_tag
285,deprecated,node,1228999544,power,sub_station,update_tag
286,deprecated,node,1231134811,power,sub_station,update_tag
287,deprecated,node,1232485426,power,sub_station,update_tag
288,deprecated,node,1238311577,power,sub_station,update_tag
289,deprecated,node,1238512922,power,sub_station,update_tag
290,deprecated,node,1238532807,power,sub_station,update_tag
291,deprecated,node,1238532880,power,sub_station,update_tag
292,deprecated,node,1238532894,power,sub_station,update_tag
293,deprecated,node,1238817203,power,sub_station,update_tag
294,deprecated,node,1238883579,power,sub_station,update_tag
295,deprecated,node,1238884378,power,sub_station,update_tag
296,deprecated,node,1239538659,power,sub_station,update_tag
297,deprecated,node,1239931991,power,sub_station,update_tag
298,deprecated,node,1241664526,power,sub_station,update_tag
299,deprecated,node,1241665660,power,sub_station,update_tag
300,deprecated,node,1241666698,power,sub_station,update_tag
301,deprecated,node,1246724328,power,sub_station,update_tag
302,deprecated,node,1248065546,power,sub_station,update_tag
303,deprecated,node,1248080294,power,sub_station,update_tag
304,deprecated,node,1248080510,power,sub_station,update_tag
305,deprecated,node,1248127262,power,sub_station,update_tag
306,deprecated,node,1248258507,power,sub_station,update_tag
307,deprecated,node,1248420411,power,sub_station,update_tag
308,deprecated,node,1248420702,power,sub_station,update_tag
309,deprecated,node,1248421795,power,sub_station,update_tag
310,deprecated,node,1248480710,power,sub_station,update_tag
311,deprecated,node,1250315023,power,sub_station,update_tag
312,deprecated,node,1250377698,power,sub_station,update_tag
313,deprecated,node,1252177857,power,sub_station,update_tag
314,deprecated,node,1252178068,power,sub_station,update_tag
315,deprecated,node,1255128462,power,sub_station,update_tag
316,deprecated,node,1256456744,power,sub_station,update_tag
317,deprecated,node,1256815660,power,sub_station,update_tag
318,deprecated,node,1256816090,power,sub_station,update_tag
319,deprecated,node,1257919510,power,sub_station,update_tag
320,deprecated,node,1257919592,power,sub_station,update_tag
321,deprecated,node,1257920112,power,sub_station,update_tag
322,deprecated,node,1260591865,power,sub_station,update_tag
323,deprecated,node,1260591995,power,sub_station,update_tag
324,deprecated,node,1260592314,power,sub_station,update_tag
325,deprecated,node,1260592573,power,sub_station,update_tag
326,deprecated,node,1260596909,power,sub_station,update_tag
327,deprecated,node,1260900663,power,sub_station,update_tag
328,deprecated,node,1260900818,power,sub_station,update_tag
329,deprecated,node,1260901075,power,sub_station,update_tag
330,deprecated,node,1260922807,power,sub_station,update_tag
331,deprecated,node,1260937363,power,sub_station,update_tag
332,deprecated,node,1260968578,power,station,update_tag
333,deprecated,node,1264968126,power,sub_station,update_tag
334,deprecated,node,1266926328,power,sub_station,update_tag
335,deprecated,node,1266926567,power,sub_station,update_tag
336,deprecated,node,1266926601,power,sub_station,update_tag
337,deprecated,node,1268488622,power,sub_station,update_tag
338,deprecated,node,1268511226,power,sub_station,update_tag
339,deprecated,node,1268883398,power,sub_station,update_tag
340,deprecated,node,1268918457,power,sub_station,update_tag
341,deprecated,node,1268918497,power,sub_station,update_tag
342,deprecated,node,1268919091,power,sub_station,update_tag
343,deprecated,node,1268961892,power,sub_station,update_tag
344,deprecated,node,1268982089,power,sub_station,update_tag
345,deprecated,node,1270216176,power,sub_station,update_tag
346,deprecated,node,1270232433,power,sub_station,update_tag
347,deprecated,node,1270252063,power,sub_station,update_tag
348,deprecated,node,1270252103,power,sub_station,update_tag
349,deprecated,node,1270252276,power,sub_station,update_tag
350,deprecated,node,1274419281,power,sub_station,update_tag
351,deprecated,node,1275686759,power,sub_station,update_tag
352,deprecated,node,1275686860,power,sub_station,update_tag
353,deprecated,node,1275686969,power,sub_station,update_tag
354,deprecated,node,1275722445,power,sub_station,update_tag
355,deprecated,node,1275871525,power,sub_station,update_tag
356,deprecated,node,1275914153,power,sub_station,update_tag
357,deprecated,node,1275914717,power,sub_station,update_tag
358,deprecated,node,1275933209,power,sub_station,update_tag
359,deprecated,node,1276935938,power,sub_station,update_tag
360,deprecated,node,1277300154,power,sub_station,update_tag
361,deprecated,node,1277300606,power,sub_station,update_tag
362,deprecated,node,1283986183,power,sub_station,update_tag
363,deprecated,node,1283987132,power,sub_station,update_tag
364,deprecated,node,1284574708,power,sub_station,update_tag
365,deprecated,node,1284780542,power,sub_station,update_tag
366,deprecated,node,1285881046,power,sub_station,update_tag
367,deprecated,node,1285911133,power,sub_station,update_tag
368,deprecated,node,1286176458,power,sub_station,update_tag
369,deprecated,node,1286242554,power,sub_station,update_tag
370,deprecated,node,1286243065,power,sub_station,update_tag
371,deprecated,node,1286311511,power,sub_station,update_tag
372,deprecated,node,1286468308,power,sub_station,update_tag
373,deprecated,node,1286557534,power,sub_station,update_tag
374,deprecated,node,1294361559,power,sub_station,update_tag
375,deprecated,node,1296129398,power,sub_station,update_tag
376,deprecated,node,1296214938,power,sub_station,update_tag
377,deprecated,node,1296215095,power,sub_station,update_tag
378,deprecated,node,1296216009,power,sub_station,update_tag
379,deprecated,node,1296245075,power,sub_station,update_tag
380,deprecated,node,1296274811,power,sub_station,update_tag
381,deprecated,node,1296330865,power,sub_station,update_tag
382,deprecated,node,1296382502,power,sub_station,update_tag
383,deprecated,node,1303505920,building,entrance,update_tag
384,deprecated,node,1303505960,building,entrance,update_tag
385,deprecated,node,1303506000,building,entrance,update_tag
386,deprecated,node,1303506087,building,entrance,update_tag
387,deprecated,node,1303506101,building,entrance,update_tag
388,deprecated,node,1303506138,building,entrance,update_tag
389,deprecated,node,1303506149,building,entrance,update_tag
390,deprecated,node,1303506169,building,entrance,update_tag
391,deprecated,node,1303506225,building,entrance,update_tag
392,deprecated,node,1303506230,building,entrance,update_tag
393,deprecated,node,1303506268,building,entrance,update_tag
394,deprecated,node,1303506291,building,entrance,update_tag
395,deprecated,node,1303506315,building,entrance,update_tag
396,deprecated,node,1303506316,building,entrance,update_tag
397,deprecated,node,1303506327,building,entrance,update_tag
398,deprecated,node,1303506338,building,entrance,update_tag
399,deprecated,node,1303506378,building,entrance,update_tag
400,deprecated,node,1303506383,building,entrance,update_tag
401,deprecated,node,1303506475,building,entrance,update_tag
402,deprecated,node,1303506521,building,entrance,update_tag
403,deprecated,node,1303506522,building,entrance,update_tag
404,deprecated,node,1303506557,building,entrance,update_tag
405,deprecated,node,1303506588,building,entrance,update_tag
406,deprecated,node,1303506730,building,entrance,update_tag
407,deprecated,node,1303506749,building,entrance,update_tag
408,deprecated,node,1303506755,building,entrance,update_tag
409,deprecated,node,1303506847,building,entrance,update_tag
410,deprecated,node,1303506891,building,entrance,update_tag
411,deprecated,node,1303506900,building,entrance,update_tag
412,deprecated,node,1303506932,building,entrance,update_tag
413,deprecated,node,1303506956,building,entrance,update_tag
414,deprecated,node,1303506963,building,entrance,update_tag
415,deprecated,node,1303507018,building,entrance,update_tag
416,deprecated,node,1303507046,building,entrance,update_tag
417,deprecated,node,1303507062,building,entrance,update_tag
418,deprecated,node,1303507212,building,entrance,update_tag
419,deprecated,node,1303507227,building,entrance,update_tag
420,deprecated,node,1303507437,building,entrance,update_tag
421,deprecated,node,1303507455,building,entrance,update_tag
422,deprecated,node,1303507643,building,entrance,update_tag
423,deprecated,node,1303813011,power,sub_station,update_tag
424,deprecated,node,1304491539,power,sub_station,update_tag
425,deprecated,node,1304508287,power,sub_station,update_tag
426,deprecated,node,1304574965,power,sub_station,update_tag
427,deprecated,node,1304575436,power,sub_station,update_tag
428,deprecated,node,1304585225,power,sub_station,update_tag
429,deprecated,node,1304718737,power,sub_station,update_tag
430,deprecated,node,1304843809,power,sub_station,update_tag
431,deprecated,node,1304843935,power,sub_station,update_tag
432,deprecated,node,1304844231,power,sub_station,update_tag
433,deprecated,node,1304858308,power,sub_station,update_tag
434,deprecated,node,1304913302,power,sub_station,update_tag
435,deprecated,node,1307552509,power,sub_station,update_tag
436,deprecated,node,1311091527,power,sub_station,update_tag
437,deprecated,node,1311091968,power,sub_station,update_tag
438,deprecated,node,1311092149,power,sub_station,update_tag
439,deprecated,node,1311092292,power,sub_station,update_tag
440,deprecated,node,1311739488,power,sub_station,update_tag
441,deprecated,node,1311788113,power,sub_station,update_tag
442,deprecated,node,1311865205,power,sub_station,update_tag
443,deprecated,node,1311918470,power,sub_station,update_tag
444,deprecated,node,1311918855,power,sub_station,update_tag
445,deprecated,node,1312110896,power,sub_station,update_tag
446,deprecated,node,1312715839,power,sub_station,update_tag
447,deprecated,node,1313040305,power,sub_station,update_tag
448,deprecated,node,1313044471,power,sub_station,update_tag
449,deprecated,node,1313120723,power,sub_station,update_tag
450,deprecated,node,1313121009,power,sub_station,update_tag
451,deprecated,node,1313121202,power,sub_station,update_tag
452,deprecated,node,1313121424,power,sub_station,update_tag
453,deprecated,node,1313121529,power,sub_station,update_tag
454,deprecated,node,1313130550,power,sub_station,update_tag
455,deprecated,node,1313130955,power,sub_station,update_tag
456,deprecated,node,1313130964,power,sub_station,update_tag
457,deprecated,node,1319896151,power,sub_station,update_tag
458,deprecated,node,1319896355,power,sub_station,update_tag
459,deprecated,node,1319896788,power,sub_station,update_tag
460,deprecated,node,1320076793,power,sub_station,update_tag
461,deprecated,node,1326278713,building,entrance,update_tag
462,deprecated,node,1326278717,building,entrance,update_tag
463,deprecated,node,1326278729,building,entrance,update_tag
464,deprecated,node,1326278730,building,entrance,update_tag
465,deprecated,node,1326278739,building,entrance,update_tag
466,deprecated,node,1326278746,building,entrance,update_tag
467,deprecated,node,1326278752,building,entrance,update_tag
468,deprecated,node,1329651539,power,sub_station,update_tag
469,deprecated,node,1330658210,power,sub_station,update_tag
470,deprecated,node,1330863268,power,sub_station,update_tag
471,deprecated,node,1338489420,power,sub_station,update_tag
472,deprecated,node,1347078170,power,sub_station,update_tag
473,deprecated,node,1347078220,power,sub_station,update_tag
474,deprecated,node,1348059247,power,sub_station,update_tag
475,deprecated,node,1354700056,power,sub_station,update_tag
476,deprecated,node,1354713205,power,sub_station,update_tag
477,deprecated,node,1356111417,power,sub_station,update_tag
478,deprecated,node,1356283370,power,sub_station,update_tag
479,deprecated,node,1356298996,power,sub_station,update_tag
480,deprecated,node,1356474003,power,sub_station,update_tag
481,deprecated,node,1356814501,power,sub_station,update_tag
482,deprecated,node,1356814669,power,sub_station,update_tag
483,deprecated,node,1356837714,power,sub_station,update_tag
484,deprecated,node,1364161215,building,entrance,update_tag
485,deprecated,node,1364161230,building,entrance,update_tag
486,deprecated,node,1364161240,building,entrance,update_tag
487,deprecated,node,1364161290,building,entrance,update_tag
488,deprecated,node,1364161297,building,entrance,update_tag
489,deprecated,node,1364161307,building,entrance,update_tag
490,deprecated,node,1364161313,building,entrance,update_tag
491,deprecated,node,1364161318,building,entrance,update_tag
492,deprecated,node,1364161321,building,entrance,update_tag
493,deprecated,node,1364639332,power,sub_station,update_tag
494,deprecated,node,1364639518,power,sub_station,update_tag
495,deprecated,node,1364673710,power,sub_station,update_tag
496,deprecated,node,1364674184,power,sub_station,update_tag
497,deprecated,node,1364674296,power,sub_station,update_tag
498,deprecated,node,1364674390,power,sub_station,update_tag
499,deprecated,node,1370925249,power,sub_station,update_tag
500,deprecated,node,1370925589,power,sub_station,update_tag
501,deprecated,node,1371259026,power,sub_station,update_tag
502,deprecated,node,1376720421,wood,yes,update_tag
503,deprecated,node,1378920535,power,sub_station,update_tag
504,deprecated,node,1378988397,power,sub_station,update_tag
505,deprecated,node,1388259469,power,sub_station,update_tag
506,deprecated,node,1388260292,power,sub_station,update_tag
507,deprecated,node,1389258482,power,sub_station,update_tag
508,deprecated,node,1389936834,power,sub_station,update_tag
509,deprecated,node,1398592828,power,sub_station,update_tag
510,deprecated,node,1398593224,power,sub_station,update_tag
511,deprecated,node,1407040787,power,sub_station,update_tag
512,deprecated,node,1422191537,power,sub_station,update_tag
513,deprecated,node,1422297690,power,sub_station,update_tag
514,deprecated,node,1429814853,power,sub_station,update_tag
515,deprecated,node,1445484964,power,sub_station,update_tag
516,deprecated,node,1455227245,building,entrance,update_tag
517,deprecated,node,1469239835,power,sub_station,update_tag
518,deprecated,node,1479315182,power,sub_station,update_tag
519,deprecated,node,1500288919,power,sub_station,update_tag
520,deprecated,node,1539243206,power,sub_station,update_tag
521,deprecated,node,1579346392,power,sub_station,update_tag
522,deprecated,node,1579359156,power,sub_station,update_tag
523,deprecated,node,1579450234,power,sub_station,update_tag
524,deprecated,node,1579450496,power,sub_station,update_tag
525,deprecated,node,1579741957,power,sub_station,update_tag
526,deprecated,node,1580653727,power,sub_station,update_tag
527,deprecated,node,1580653849,power,sub_station,update_tag
528,deprecated,node,1580654337,power,sub_station,update_tag
529,deprecated,node,1580762613,power,sub_station,update_tag
530,deprecated,node,1580762746,power,sub_station,update_tag
531,deprecated,node,1580762901,power,sub_station,update_tag
532,deprecated,node,1582305486,power,sub_station,update_tag
533,deprecated,node,1582352229,power,sub_station,update_tag
534,deprecated,node,1582352237,power,sub_station,update_tag
535,deprecated,node,1582352356,power,sub_station,update_tag
536,deprecated,node,1582842054,power,sub_station,update_tag
537,deprecated,node,1589544622,power,sub_station,update_tag
538,deprecated,node,1589608938,power,sub_station,update_tag
539,deprecated,node,1589797956,power,sub_station,update_tag
540,deprecated,node,1589807306,power,sub_station,update_tag
541,deprecated,node,1590557882,power,sub_station,update_tag
542,deprecated,node,1591055322,power,sub_station,update_tag
543,deprecated,node,1609046421,power,sub_station,update_tag
544,deprecated,node,1610203576,power,sub_station,update_tag
545,deprecated,node,1610381029,power,sub_station,update_tag
546,deprecated,node,1637885650,power,sub_station,update_tag
547,deprecated,node,1638793191,power,sub_station,update_tag
548,deprecated,node,1638815718,power,sub_station,update_tag
549,deprecated,node,1638858344,power,sub_station,update_tag
550,deprecated,node,1670694572,power,sub_station,update_tag
551,deprecated,node,1678452452,power,sub_station,update_tag
552,deprecated,node,1679592716,power,sub_station,update_tag
553,deprecated,node,1715888485,power,sub_station,update_tag
554,deprecated,node,1717576594,power,sub_station,update_tag
555,deprecated,node,1717971699,power,sub_station,update_tag
556,deprecated,node,1718019691,power,sub_station,update_tag
557,deprecated,node,1718019909,power,sub_station,update_tag
558,deprecated,node,1723081929,power,sub_station,update_tag
559,deprecated,node,1726246319,power,sub_station,update_tag
560,deprecated,node,1726529091,power,sub_station,update_tag
561,deprecated,node,1726529246,power,sub_station,update_tag
562,deprecated,node,1735024346,power,sub_station,update_tag
563,deprecated,node,1741149206,power,sub_station,update_tag
564,deprecated,node,1741149301,power,sub_station,update_tag
565,deprecated,node,1741528762,power,sub_station,update_tag
566,deprecated,node,1742792140,power,sub_station,update_tag
567,deprecated,node,1742792143,power,sub_station,update_tag
568,deprecated,node,1749729622,power,sub_station,update_tag
569,deprecated,node,1751074393,power,sub_station,update_tag
570,deprecated,node,1757622083,power,sub_station,update_tag
571,deprecated,node,1765892070,power,sub_station,update_tag
572,deprecated,node,1775136280,power,sub_station,update_tag
573,deprecated,node,1790063635,power,sub_station,update_tag
574,deprecated,node,1790181740,power,sub_station,update_tag
575,deprecated,node,1790582599,power,sub_station,update_tag
576,deprecated,node,1790582688,power,sub_station,update_tag
577,deprecated,node,1800261010,power,sub_station,update_tag
578,deprecated,node,1800261489,power,sub_station,update_tag
579,deprecated,node,1800640008,power,sub_station,update_tag
580,deprecated,node,1808526760,power,sub_station,update_tag
581,deprecated,node,1808661307,power,sub_station,update_tag
582,deprecated,node,1815631036,power,sub_station,update_tag
583,deprecated,node,1815706449,power,sub_station,update_tag
584,deprecated,node,1815797919,power,sub_station,update_tag
585,deprecated,node,1815974599,power,sub_station,update_tag
586,deprecated,node,1815974624,power,sub_station,update_tag
587,deprecated,node,1854742976,car,no,update_tag
588,deprecated,node,1870939688,power,sub_station,update_tag
589,deprecated,node,1870939805,power,sub_station,update_tag
590,deprecated,node,1870939833,power,sub_station,update_tag
591,deprecated,node,1870939839,power,sub_station,update_tag
592,deprecated,node,1924129550,power,sub_station,update_tag
593,deprecated,node,1924129620,power,sub_station,update_tag
594,deprecated,node,1924158017,power,sub_station,update_tag
595,deprecated,node,1925590486,power,sub_station,update_tag
596,deprecated,node,1929237443,power,sub_station,update_tag
597,deprecated,node,1929251934,power,sub_station,update_tag
598,deprecated,node,1985006778,power,sub_station,update_tag
599,deprecated,node,1986184323,power,sub_station,update_tag
600,deprecated,node,2045786568,shop,fishmonger,update_tag
601,deprecated,node,2051360621,power,sub_station,update_tag
602,deprecated,node,2051360628,power,sub_station,update_tag
603,deprecated,node,2051360646,power,sub_station,update_tag
604,deprecated,node,2051360670,power,sub_station,update_tag
605,deprecated,node,2051360764,power,sub_station,update_tag
606,deprecated,node,2149004965,power,sub_station,update_tag
607,deprecated,node,2194954746,building,entrance,update_tag
608,deprecated,node,2194954750,building,entrance,update_tag
609,deprecated,node,2195000725,power,sub_station,update_tag
610,deprecated,node,2195093228,building,entrance,update_tag
611,deprecated,node,2195093238,building,entrance,update_tag
612,deprecated,node,2195093269,building,entrance,update_tag
613,deprecated,node,2195093282,building,entrance,update_tag
614,deprecated,node,2195093307,building,entrance,update_tag
615,deprecated,node,2195093315,building,entrance,update_tag
616,deprecated,node,2195093345,building,entrance,update_tag
617,deprecated,node,2195093357,building,entrance,update_tag
618,deprecated,node,2195093372,building,entrance,update_tag
619,deprecated,node,2195093377,building,entrance,update_tag
620,deprecated,node,2195093402,building,entrance,update_tag
621,deprecated,node,2195093406,building,entrance,update_tag
622,deprecated,node,2282387497,power,sub_station,update_tag
623,deprecated,node,2283941488,power,sub_station,update_tag
624,deprecated,node,2597911036,office,administrative,update_tag
625,deprecated,node,2922167900,power,sub_station,update_tag
626,deprecated,node,3131926030,office,administrative,update_tag
627,deprecated,node,4508540238,shop,fishmonger,update_tag
628,deprecated,node,6790235822,parking:orientation,parallel,update_tag
629,deprecated,node,7026394301,pipeline,marker,update_tag
630,deprecated,node,8539528329,shop,furnace,update_tag
631,deprecated,node,10098990317,amenity,embassy,update_tag
632,deprecated,way,39213545,sport,football,update_tag
633,deprecated,way,40426099,power,station,update_tag
634,deprecated,way,41144153,power,station,update_tag
635,deprecated,way,41434944,residential,condominium,update_tag
636,deprecated,way,42956799,power,station,update_tag
637,deprecated,way,43592246,power,station,update_tag
638,deprecated,way,44112166,power,station,update_tag
639,deprecated,way,44952170,power,station,update_tag
640,deprecated,way,45063735,sport,football,update_tag
641,deprecated,way,45352808,power,station,update_tag
642,deprecated,way,46584319,power,station,update_tag
643,deprecated,way,46584322,power,station,update_tag
644,deprecated,way,46584327,power,station,update_tag
645,deprecated,way,46622224,power,station,update_tag
646,deprecated,way,48170542,landuse,reservoir,update_tag
647,deprecated,way,48275702,power,station,update_tag
648,deprecated,way,48679732,sport,football,update_tag
649,deprecated,way,49437751,power,station,update_tag
650,deprecated,way,49437761,power,station,update_tag
651,deprecated,way,49437765,power,station,update_tag
652,deprecated,way,49590405,power,station,update_tag
653,deprecated,way,49590406,power,station,update_tag
654,deprecated,way,49590428,power,station,update_tag
655,deprecated,way,49898658,power,sub_station,update_tag
656,deprecated,way,50139351,building,collapsed,update_tag
657,deprecated,way,50139352,building,collapsed,update_tag
658,deprecated,way,50139353,building,collapsed,update_tag
659,deprecated,way,50139540,building,collapsed,update_tag
660,deprecated,way,50139541,building,collapsed,update_tag
661,deprecated,way,50139542,building,collapsed,update_tag
662,deprecated,way,50226657,power,station,update_tag
663,deprecated,way,50226658,landuse,reservoir,update_tag
664,deprecated,way,50226666,landuse,reservoir,update_tag
665,deprecated,way,50287787,power,station,update_tag
666,deprecated,way,50287791,power,station,update_tag
667,deprecated,way,51014535,power,station,update_tag
668,deprecated,way,51304596,power,station,update_tag
669,deprecated,way,51891456,landuse,reservoir,update_tag
670,deprecated,way,52075871,wood,deciduous,update_tag
671,deprecated,way,52099101,wood,deciduous,update_tag
672,deprecated,way,52099493,wood,deciduous,update_tag
673,deprecated,way,52114169,wood,deciduous,update_tag
674,deprecated,way,52114172,wood,deciduous,update_tag
675,deprecated,way,52211029,wood,deciduous,update_tag
676,deprecated,way,52709914,power,sub_station,update_tag
677,deprecated,way,53095961,power,station,update_tag
678,deprecated,way,53212353,power,station,update_tag
679,deprecated,way,55594488,wood,deciduous,update_tag
680,deprecated,way,56313999,power,station,update_tag
681,deprecated,way,57046444,landuse,reservoir,update_tag
682,deprecated,way,57046470,landuse,reservoir,update_tag
683,deprecated,way,57046475,landuse,reservoir,update_tag
684,deprecated,way,57046486,landuse,reservoir,update_tag
685,deprecated,way,57718176,power,station,update_tag
686,deprecated,way,57740974,landuse,reservoir,update_tag
687,deprecated,way,58080361,landuse,reservoir,update_tag
688,deprecated,way,58080373,landuse,reservoir,update_tag
689,deprecated,way,58535112,landuse,reservoir,update_tag
690,deprecated,way,59038005,landuse,reservoir,update_tag
691,deprecated,way,59611142,landuse,reservoir,update_tag
692,deprecated,way,59611227,landuse,reservoir,update_tag
693,deprecated,way,60205741,landuse,reservoir,update_tag
694,deprecated,way,60205743,landuse,reservoir,update_tag
695,deprecated,way,60205778,landuse,reservoir,update_tag
696,deprecated,way,60205829,landuse,reservoir,update_tag
697,deprecated,way,64787485,sport,football,update_tag
698,deprecated,way,67608345,landuse,reservoir,update_tag
699,deprecated,way,67608382,landuse,reservoir,update_tag
700,deprecated,way,67665531,landuse,reservoir,update_tag
701,deprecated,way,67665536,landuse,reservoir,update_tag
702,deprecated,way,67665554,landuse,reservoir,update_tag
703,deprecated,way,67665585,landuse,reservoir,update_tag
704,deprecated,way,67665591,landuse,reservoir,update_tag
705,deprecated,way,67665611,landuse,reservoir,update_tag
706,deprecated,way,67665662,landuse,reservoir,update_tag
707,deprecated,way,67665677,landuse,reservoir,update_tag
708,deprecated,way,67828084,landuse,reservoir,update_tag
709,deprecated,way,68728291,landuse,reservoir,update_tag
710,deprecated,way,68728296,landuse,reservoir,update_tag
711,deprecated,way,68728323,landuse,reservoir,update_tag
712,deprecated,way,68728354,landuse,reservoir,update_tag
713,deprecated,way,68728382,landuse,reservoir,update_tag
714,deprecated,way,68728397,landuse,reservoir,update_tag
715,deprecated,way,68728416,landuse,reservoir,update_tag
716,deprecated,way,68728441,landuse,reservoir,update_tag
717,deprecated,way,69079597,landuse,reservoir,update_tag
718,deprecated,way,69079614,landuse,reservoir,update_tag
719,deprecated,way,69231510,landuse,reservoir,update_tag
720,deprecated,way,71888216,landuse,reservoir,update_tag
721,deprecated,way,71888231,landuse,reservoir,update_tag
722,deprecated,way,71888235,landuse,reservoir,update_tag
723,deprecated,way,71888240,landuse,reservoir,update_tag
724,deprecated,way,71892313,landuse,reservoir,update_tag
725,deprecated,way,73298538,sport,football,update_tag
726,deprecated,way,78406114,landuse,reservoir,update_tag
727,deprecated,way,78406118,landuse,reservoir,update_tag
728,deprecated,way,78406133,landuse,reservoir,update_tag
729,deprecated,way,78406162,landuse,reservoir,update_tag
730,deprecated,way,78406164,landuse,reservoir,update_tag
731,deprecated,way,78406202,landuse,reservoir,update_tag
732,deprecated,way,78406211,landuse,reservoir,update_tag
733,deprecated,way,78406238,landuse,reservoir,update_tag
734,deprecated,way,78406243,landuse,reservoir,update_tag
735,deprecated,way,78406270,landuse,reservoir,update_tag
736,deprecated,way,79308783,power,sub_station,update_tag
737,deprecated,way,79716462,landuse,reservoir,update_tag
738,deprecated,way,81274312,landuse,reservoir,update_tag
739,deprecated,way,81274362,landuse,reservoir,update_tag
740,deprecated,way,81662217,landuse,reservoir,update_tag
741,deprecated,way,81680420,landuse,reservoir,update_tag
742,deprecated,way,81958869,power,sub_station,update_tag
743,deprecated,way,82488650,landuse,reservoir,update_tag
744,deprecated,way,83039121,power,station,update_tag
745,deprecated,way,83204554,landuse,reservoir,update_tag
746,deprecated,way,83204557,landuse,reservoir,update_tag
747,deprecated,way,83204561,landuse,reservoir,update_tag
748,deprecated,way,86006086,power,sub_station,update_tag
749,deprecated,way,86014138,power,sub_station,update_tag
750,deprecated,way,86019048,power,sub_station,update_tag
751,deprecated,way,86019060,power,sub_station,update_tag
752,deprecated,way,86019062,power,sub_station,update_tag
753,deprecated,way,86111323,power,sub_station,update_tag
754,deprecated,way,86111343,power,sub_station,update_tag
755,deprecated,way,86204823,power,sub_station,update_tag
756,deprecated,way,86204848,power,sub_station,update_tag
757,deprecated,way,86206585,power,sub_station,update_tag
758,deprecated,way,86209273,power,sub_station,update_tag
759,deprecated,way,86463723,wood,deciduous,update_tag
760,deprecated,way,86466429,wood,deciduous,update_tag
761,deprecated,way,86633046,wood,deciduous,update_tag
762,deprecated,way,86641762,wood,deciduous,update_tag
763,deprecated,way,86660314,wood,deciduous,update_tag
764,deprecated,way,86661329,wood,deciduous,update_tag
765,deprecated,way,86670193,wood,deciduous,update_tag
766,deprecated,way,86682653,wood,deciduous,update_tag
767,deprecated,way,86689506,power,sub_station,update_tag
768,deprecated,way,86991568,power,sub_station,update_tag
769,deprecated,way,86995616,power,sub_station,update_tag
770,deprecated,way,87007965,power,sub_station,update_tag
771,deprecated,way,87406240,landuse,reservoir,update_tag
772,deprecated,way,87406241,landuse,reservoir,update_tag
773,deprecated,way,87451227,landuse,reservoir,update_tag
774,deprecated,way,87964951,wood,mixed,update_tag
775,deprecated,way,87965029,wood,mixed,update_tag
776,deprecated,way,87965164,wood,mixed,update_tag
777,deprecated,way,88344832,power,sub_station,update_tag
778,deprecated,way,88344837,power,sub_station,update_tag
779,deprecated,way,89071477,power,sub_station,update_tag
780,deprecated,way,90399160,landuse,reservoir,update_tag
781,deprecated,way,90399185,landuse,reservoir,update_tag
782,deprecated,way,90399277,landuse,reservoir,update_tag
783,deprecated,way,90399283,landuse,reservoir,update_tag
784,deprecated,way,91430811,power,station,update_tag
785,deprecated,way,91430818,power,station,update_tag
786,deprecated,way,92214424,power,sub_station,update_tag
787,deprecated,way,92385749,power,sub_station,update_tag
788,deprecated,way,92385756,power,sub_station,update_tag
789,deprecated,way,92385765,power,sub_station,update_tag
790,deprecated,way,92385772,power,sub_station,update_tag
791,deprecated,way,92387203,power,sub_station,update_tag
792,deprecated,way,92843770,landuse,reservoir,update_tag
793,deprecated,way,93040737,power,station,update_tag
794,deprecated,way,93059906,landuse,reservoir,update_tag
795,deprecated,way,93304516,power,sub_station,update_tag
796,deprecated,way,93442894,power,sub_station,update_tag
797,deprecated,way,93442944,power,sub_station,update_tag
798,deprecated,way,93799424,landuse,reservoir,update_tag
799,deprecated,way,93799427,landuse,reservoir,update_tag
800,deprecated,way,93799436,power,station,update_tag
801,deprecated,way,93799438,landuse,reservoir,update_tag
802,deprecated,way,93799442,landuse,reservoir,update_tag
803,deprecated,way,93799443,landuse,reservoir,update_tag
804,deprecated,way,93799446,landuse,reservoir,update_tag
805,deprecated,way,93799449,landuse,reservoir,update_tag
806,deprecated,way,93799453,landuse,reservoir,update_tag
807,deprecated,way,93799454,landuse,reservoir,update_tag
808,deprecated,way,93799457,landuse,reservoir,update_tag
809,deprecated,way,93799470,landuse,reservoir,update_tag
810,deprecated,way,93799475,landuse,reservoir,update_tag
811,deprecated,way,93799477,landuse,reservoir,update_tag
812,deprecated,way,93805661,power,station,update_tag
813,deprecated,way,94086111,power,sub_station,update_tag
814,deprecated,way,94155650,power,sub_station,update_tag
815,deprecated,way,95613816,power,sub_station,update_tag
816,deprecated,way,96333177,wood,deciduous,update_tag
817,deprecated,way,96335030,power,sub_station,update_tag
818,deprecated,way,96335034,power,sub_station,update_tag
819,deprecated,way,97409165,power,sub_station,update_tag
820,deprecated,way,97409170,power,sub_station,update_tag
821,deprecated,way,98420630,power,sub_station,update_tag
822,deprecated,way,98496278,landuse,reservoir,update_tag
823,deprecated,way,99294634,power,sub_station,update_tag
824,deprecated,way,99295931,power,sub_station,update_tag
825,deprecated,way,99353762,power,sub_station,update_tag
826,deprecated,way,99365970,power,sub_station,update_tag
827,deprecated,way,99475378,power,sub_station,update_tag
828,deprecated,way,99477989,landuse,reservoir,update_tag
829,deprecated,way,99477990,landuse,reservoir,update_tag
830,deprecated,way,99477992,landuse,reservoir,update_tag
831,deprecated,way,102951973,power,sub_station,update_tag
832,deprecated,way,102957092,power,sub_station,update_tag
833,deprecated,way,103007516,power,sub_station,update_tag
834,deprecated,way,103676126,power,station,update_tag
835,deprecated,way,103811209,power,sub_station,update_tag
836,deprecated,way,103952007,power,sub_station,update_tag
837,deprecated,way,103954987,power,sub_station,update_tag
838,deprecated,way,103995286,power,station,update_tag
839,deprecated,way,104007892,power,sub_station,update_tag
840,deprecated,way,104022032,power,sub_station,update_tag
841,deprecated,way,104388960,power,station,update_tag
842,deprecated,way,104636270,power,sub_station,update_tag
843,deprecated,way,104773115,power,sub_station,update_tag
844,deprecated,way,104908776,landuse,reservoir,update_tag
845,deprecated,way,104961071,power,sub_station,update_tag
846,deprecated,way,104978396,power,sub_station,update_tag
847,deprecated,way,104978397,power,sub_station,update_tag
848,deprecated,way,104978413,power,sub_station,update_tag
849,deprecated,way,105058469,landuse,reservoir,update_tag
850,deprecated,way,105771433,power,sub_station,update_tag
851,deprecated,way,105866076,power,station,update_tag
852,deprecated,way,105885447,power,sub_station,update_tag
853,deprecated,way,106614914,power,sub_station,update_tag
854,deprecated,way,106614915,power,sub_station,update_tag
855,deprecated,way,106618347,power,sub_station,update_tag
856,deprecated,way,106776656,power,sub_station,update_tag
857,deprecated,way,107793909,power,sub_station,update_tag
858,deprecated,way,107826415,power,sub_station,update_tag
859,deprecated,way,107828880,power,sub_station,update_tag
860,deprecated,way,107831953,landuse,reservoir,update_tag
861,deprecated,way,107947169,power,sub_station,update_tag
862,deprecated,way,109362073,power,sub_station,update_tag
863,deprecated,way,109362092,power,sub_station,update_tag
864,deprecated,way,109708899,landuse,reservoir,update_tag
865,deprecated,way,110370914,power,sub_station,update_tag
866,deprecated,way,112168785,landuse,reservoir,update_tag
867,deprecated,way,112782165,landuse,reservoir,update_tag
868,deprecated,way,113033247,landuse,reservoir,update_tag
869,deprecated,way,113033310,landuse,reservoir,update_tag
870,deprecated,way,113055875,landuse,reservoir,update_tag
871,deprecated,way,113259134,wood,deciduous,update_tag
872,deprecated,way,115257624,landuse,reservoir,update_tag
873,deprecated,way,115257632,landuse,reservoir,update_tag
874,deprecated,way,115475963,power,sub_station,update_tag
875,deprecated,way,115481041,power,sub_station,update_tag
876,deprecated,way,116242501,power,sub_station,update_tag
877,deprecated,way,116357317,power,sub_station,update_tag
878,deprecated,way,116429077,landuse,reservoir,update_tag
879,deprecated,way,116429088,landuse,reservoir,update_tag
880,deprecated,way,117177874,power,sub_station,update_tag
881,deprecated,way,119056810,power,sub_station,update_tag
882,deprecated,way,119176232,landuse,reservoir,update_tag
883,deprecated,way,119176234,landuse,reservoir,update_tag
884,deprecated,way,120986695,power,sub_station,update_tag
885,deprecated,way,121843577,landuse,reservoir,update_tag
886,deprecated,way,122764600,power,sub_station,update_tag
887,deprecated,way,123753432,power,sub_station,update_tag
888,deprecated,way,123845833,landuse,reservoir,update_tag
889,deprecated,way,123845836,landuse,reservoir,update_tag
890,deprecated,way,123845838,landuse,reservoir,update_tag
891,deprecated,way,123845840,landuse,reservoir,update_tag
892,deprecated,way,125008501,wood,deciduous,update_tag
893,deprecated,way,125872285,landuse,reservoir,update_tag
894,deprecated,way,129400291,landuse,reservoir,update_tag
895,deprecated,way,131315944,power,sub_station,update_tag
896,deprecated,way,137269363,power,station,update_tag
897,deprecated,way,144384379,landuse,reservoir,update_tag
898,deprecated,way,144526538,power,sub_station,update_tag
899,deprecated,way,144553632,wood,deciduous,update_tag
900,deprecated,way,148687726,landuse,reservoir,update_tag
901,deprecated,way,148697245,landuse,reservoir,update_tag
902,deprecated,way,148787363,landuse,reservoir,update_tag
903,deprecated,way,148787364,landuse,reservoir,update_tag
904,deprecated,way,148787374,landuse,reservoir,update_tag
905,deprecated,way,148787375,landuse,reservoir,update_tag
906,deprecated,way,148787381,landuse,reservoir,update_tag
907,deprecated,way,148814464,landuse,reservoir,update_tag
908,deprecated,way,149517967,landuse,reservoir,update_tag
909,deprecated,way,149517969,landuse,reservoir,update_tag
910,deprecated,way,149517971,landuse,reservoir,update_tag
911,deprecated,way,149517974,landuse,reservoir,update_tag
912,deprecated,way,149517976,landuse,reservoir,update_tag
913,deprecated,way,149517980,landuse,reservoir,update_tag
914,deprecated,way,149517984,landuse,reservoir,update_tag
915,deprecated,way,149517985,landuse,reservoir,update_tag
916,deprecated,way,153204724,power,sub_station,update_tag
917,deprecated,way,161453813,power,station,update_tag
918,deprecated,way,161453817,power,station,update_tag
919,deprecated,way,161871249,power,station,update_tag
920,deprecated,way,162214755,wood,deciduous,update_tag
921,deprecated,way,162435870,landuse,reservoir,update_tag
922,deprecated,way,166819218,landuse,reservoir,update_tag
923,deprecated,way,170560910,landuse,reservoir,update_tag
924,deprecated,way,170564732,landuse,reservoir,update_tag
925,deprecated,way,170566600,landuse,reservoir,update_tag
926,deprecated,way,170566601,landuse,reservoir,update_tag
927,deprecated,way,172492239,landuse,reservoir,update_tag
928,deprecated,way,174618636,landuse,reservoir,update_tag
929,deprecated,way,182935775,landuse,reservoir,update_tag
930,deprecated,way,197239141,landuse,reservoir,update_tag
931,deprecated,way,201741853,landuse,reservoir,update_tag
932,deprecated,way,201741854,landuse,reservoir,update_tag
933,deprecated,way,201741855,landuse,reservoir,update_tag
934,deprecated,way,201741856,landuse,reservoir,update_tag
935,deprecated,way,201741858,landuse,reservoir,update_tag
936,deprecated,way,201741859,landuse,reservoir,update_tag
937,deprecated,way,201742386,landuse,reservoir,update_tag
938,deprecated,way,201742387,landuse,reservoir,update_tag
939,deprecated,way,201742388,landuse,reservoir,update_tag
940,deprecated,way,201742389,landuse,reservoir,update_tag
941,deprecated,way,201742390,landuse,reservoir,update_tag
942,deprecated,way,201742391,landuse,reservoir,update_tag
943,deprecated,way,201742392,landuse,reservoir,update_tag
944,deprecated,way,201742393,landuse,reservoir,update_tag
945,deprecated,way,201742394,landuse,reservoir,update_tag
946,deprecated,way,201742395,landuse,reservoir,update_tag
947,deprecated,way,201742396,landuse,reservoir,update_tag
948,deprecated,way,201742397,landuse,reservoir,update_tag
949,deprecated,way,201742398,landuse,reservoir,update_tag
950,deprecated,way,201742918,landuse,reservoir,update_tag
951,deprecated,way,201742919,landuse,reservoir,update_tag
952,deprecated,way,201742920,landuse,reservoir,update_tag
953,deprecated,way,201742921,landuse,reservoir,update_tag
954,deprecated,way,201743529,landuse,reservoir,update_tag
955,deprecated,way,201866208,landuse,reservoir,update_tag
956,deprecated,way,201866509,landuse,reservoir,update_tag
957,deprecated,way,205550523,power,sub_station,update_tag
958,deprecated,way,209208871,power,sub_station,update_tag
959,deprecated,way,216141391,landuse,reservoir,update_tag
960,deprecated,way,216141392,landuse,reservoir,update_tag
961,deprecated,way,216141397,landuse,reservoir,update_tag
962,deprecated,way,216146191,landuse,reservoir,update_tag
963,deprecated,way,216146193,landuse,reservoir,update_tag
964,deprecated,way,216147842,landuse,reservoir,update_tag
965,deprecated,way,216147843,landuse,reservoir,update_tag
966,deprecated,way,216147844,landuse,reservoir,update_tag
967,deprecated,way,216147845,landuse,reservoir,update_tag
968,deprecated,way,228521530,landuse,reservoir,update_tag
969,deprecated,way,234856986,landuse,reservoir,update_tag
970,deprecated,way,234872446,landuse,reservoir,update_tag
971,deprecated,way,251916181,landuse,reservoir,update_tag
972,deprecated,way,251916184,landuse,reservoir,update_tag
973,deprecated,way,251916185,landuse,reservoir,update_tag
974,deprecated,way,251916186,landuse,reservoir,update_tag
975,deprecated,way,254360379,landuse,reservoir,update_tag
976,deprecated,way,254360380,landuse,reservoir,update_tag
977,deprecated,way,254360382,landuse,reservoir,update_tag
978,deprecated,way,254428539,landuse,reservoir,update_tag
979,deprecated,way,254428540,landuse,reservoir,update_tag
980,deprecated,way,257072047,landuse,reservoir,update_tag
981,deprecated,way,262577582,power,sub_station,update_tag
982,deprecated,way,269068659,landuse,reservoir,update_tag
983,deprecated,way,269068661,landuse,reservoir,update_tag
984,deprecated,way,269068664,landuse,reservoir,update_tag
985,deprecated,way,269068665,landuse,reservoir,update_tag
986,deprecated,way,269543441,landuse,reservoir,update_tag
987,deprecated,way,269543444,landuse,reservoir,update_tag
988,deprecated,way,279301900,landuse,reservoir,update_tag
989,deprecated,way,279421701,landuse,reservoir,update_tag
990,deprecated,way,279421703,landuse,reservoir,update_tag
991,deprecated,way,279421704,landuse,reservoir,update_tag
992,deprecated,way,285120814,landuse,reservoir,update_tag
993,deprecated,way,285120815,landuse,reservoir,update_tag
994,deprecated,way,285206052,landuse,reservoir,update_tag
995,deprecated,way,285206053,landuse,reservoir,update_tag
996,deprecated,way,292691969,building,abandoned,update_tag
997,deprecated,way,297608420,landuse,reservoir,update_tag
998,deprecated,way,297608421,landuse,reservoir,update_tag
999,deprecated,way,297608422,landuse,reservoir,update_tag
1000,deprecated,way,297611873,landuse,reservoir,update_tag
1001,deprecated,way,319366189,sport,football,update_tag
1002,deprecated,way,341783144,sport,football,update_tag
1003,deprecated,way,357670240,landuse,reservoir,update_tag
1004,deprecated,way,395947548,shop,furnace,update_tag
1005,deprecated,way,417896149,landuse,reservoir,update_tag
1006,deprecated,way,418098269,landuse,reservoir,update_tag
1007,deprecated,way,421336304,building,collapsed,update_tag
1008,deprecated,way,422204854,landuse,reservoir,update_tag
1009,deprecated,way,453255313,landuse,reservoir,update_tag
1010,deprecated,way,457868775,car,yes,update_tag
1011,deprecated,way,460700348,landuse,reservoir,update_tag
1012,deprecated,way,460700350,landuse,reservoir,update_tag
1013,deprecated,way,460700353,landuse,reservoir,update_tag
1014,deprecated,way,460700354,landuse,reservoir,update_tag
1015,deprecated,way,460700356,landuse,reservoir,update_tag
1016,deprecated,way,460700359,landuse,reservoir,update_tag
1017,deprecated,way,460700360,landuse,reservoir,update_tag
1018,deprecated,way,460700361,landuse,reservoir,update_tag
1019,deprecated,way,460700364,landuse,reservoir,update_tag
1020,deprecated,way,460700365,landuse,reservoir,update_tag
1021,deprecated,way,460700366,landuse,reservoir,update_tag
1022,deprecated,way,460700367,landuse,reservoir,update_tag
1023,deprecated,way,460700368,landuse,reservoir,update_tag
1024,deprecated,way,460700369,landuse,reservoir,update_tag
1025,deprecated,way,460700370,landuse,reservoir,update_tag
1026,deprecated,way,460700371,landuse,reservoir,update_tag
1027,deprecated,way,460700374,landuse,reservoir,update_tag
1028,deprecated,way,460700375,landuse,reservoir,update_tag
1029,deprecated,way,460700376,landuse,reservoir,update_tag
1030,deprecated,way,464166446,landuse,reservoir,update_tag
1031,deprecated,way,464166461,landuse,reservoir,update_tag
1032,deprecated,way,464410952,landuse,reservoir,update_tag
1033,deprecated,way,464410957,landuse,reservoir,update_tag
1034,deprecated,way,464533104,landuse,reservoir,update_tag
1035,deprecated,way,464705496,landuse,reservoir,update_tag
1036,deprecated,way,464747732,landuse,reservoir,update_tag
1037,deprecated,way,464747733,landuse,reservoir,update_tag
1038,deprecated,way,464747735,landuse,reservoir,update_tag
1039,deprecated,way,464747742,landuse,reservoir,update_tag
1040,deprecated,way,464747743,landuse,reservoir,update_tag
1041,deprecated,way,464747745,landuse,reservoir,update_tag
1042,deprecated,way,464747748,landuse,reservoir,update_tag
1043,deprecated,way,464747751,landuse,reservoir,update_tag
1044,deprecated,way,464747752,landuse,reservoir,update_tag
1045,deprecated,way,464747757,landuse,reservoir,update_tag
1046,deprecated,way,464747763,landuse,reservoir,update_tag
1047,deprecated,way,464747765,landuse,reservoir,update_tag
1048,deprecated,way,464747768,landuse,reservoir,update_tag
1049,deprecated,way,464747769,landuse,reservoir,update_tag
1050,deprecated,way,465365579,landuse,reservoir,update_tag
1051,deprecated,way,466393959,landuse,reservoir,update_tag
1052,deprecated,way,466393962,landuse,reservoir,update_tag
1053,deprecated,way,466393963,landuse,reservoir,update_tag
1054,deprecated,way,466393964,landuse,reservoir,update_tag
1055,deprecated,way,466393966,landuse,reservoir,update_tag
1056,deprecated,way,466393967,landuse,reservoir,update_tag
1057,deprecated,way,466916180,landuse,reservoir,update_tag
1058,deprecated,way,466916181,landuse,reservoir,update_tag
1059,deprecated,way,466916182,landuse,reservoir,update_tag
1060,deprecated,way,466916185,landuse,reservoir,update_tag
1061,deprecated,way,466916186,landuse,reservoir,update_tag
1062,deprecated,way,466916187,landuse,reservoir,update_tag
1063,deprecated,way,466916188,landuse,reservoir,update_tag
1064,deprecated,way,466916189,landuse,reservoir,update_tag
1065,deprecated,way,466916190,landuse,reservoir,update_tag
1066,deprecated,way,466923254,landuse,reservoir,update_tag
1067,deprecated,way,466923257,landuse,reservoir,update_tag
1068,deprecated,way,466923261,landuse,reservoir,update_tag
1069,deprecated,way,466923262,landuse,reservoir,update_tag
1070,deprecated,way,466923263,landuse,reservoir,update_tag
1071,deprecated,way,466923266,landuse,reservoir,update_tag
1072,deprecated,way,466923270,landuse,reservoir,update_tag
1073,deprecated,way,466924745,landuse,reservoir,update_tag
1074,deprecated,way,469050095,landuse,reservoir,update_tag
1075,deprecated,way,485112253,office,administrative,update_tag
1076,deprecated,way,493935379,landuse,reservoir,update_tag
1077,deprecated,way,493935387,landuse,reservoir,update_tag
1078,deprecated,way,513301395,landuse,reservoir,update_tag
1079,deprecated,way,513301397,landuse,reservoir,update_tag
1080,deprecated,way,513301399,landuse,reservoir,update_tag
1081,deprecated,way,513301400,landuse,reservoir,update_tag
1082,deprecated,way,513301401,landuse,reservoir,update_tag
1083,deprecated,way,548867516,landuse,reservoir,update_tag
1084,deprecated,way,548867517,landuse,reservoir,update_tag
1085,deprecated,way,548867640,landuse,reservoir,update_tag
1086,deprecated,way,569617358,landuse,reservoir,update_tag
1087,deprecated,way,573119720,landuse,reservoir,update_tag
1088,deprecated,way,573119721,landuse,reservoir,update_tag
1089,deprecated,way,573119727,landuse,reservoir,update_tag
1090,deprecated,way,573119728,landuse,reservoir,update_tag
1091,deprecated,way,573119729,landuse,reservoir,update_tag
1092,deprecated,way,665204258,landuse,reservoir,update_tag
1093,deprecated,way,665204259,landuse,reservoir,update_tag
1094,deprecated,way,694374554,landuse,reservoir,update_tag
1095,deprecated,way,705031070,sport,football,update_tag
1096,deprecated,way,708709200,sport,football,update_tag
1097,deprecated,way,727641735,sport,football,update_tag
1098,deprecated,way,764123288,access,public,update_tag
1099,deprecated,way,805141392,landuse,reservoir,update_tag
1100,deprecated,way,819695040,building,collapsed,update_tag
1101,deprecated,way,819703374,building,collapsed,update_tag
1102,deprecated,way,819709727,building,collapsed,update_tag
1103,deprecated,way,819899584,building,collapsed,update_tag
1104,deprecated,way,819899592,building,collapsed,update_tag
1105,deprecated,way,819899597,building,collapsed,update_tag
1106,deprecated,way,820851926,building,collapsed,update_tag
1107,deprecated,way,820929465,building,collapsed,update_tag
1108,deprecated,way,821086297,building,collapsed,update_tag
1109,deprecated,way,824901577,sport,football,update_tag
1110,deprecated,way,827460812,residential,condominium,update_tag
1111,deprecated,way,835639516,building,collapsed,update_tag
1112,deprecated,way,845764141,residential,condominium,update_tag
1113,deprecated,way,903567531,landuse,reservoir,update_tag
1114,deprecated,way,909675380,landuse,reservoir,update_tag
1115,deprecated,way,909675381,landuse,reservoir,update_tag
1116,deprecated,way,909675383,landuse,reservoir,update_tag
1117,deprecated,way,909675384,landuse,reservoir,update_tag
1118,deprecated,way,909675521,landuse,reservoir,update_tag
1119,deprecated,way,909675546,landuse,reservoir,update_tag
1120,deprecated,way,909675561,landuse,reservoir,update_tag
1121,deprecated,way,909675564,landuse,reservoir,update_tag
1122,deprecated,way,913687687,landuse,reservoir,update_tag
1123,deprecated,way,913687752,landuse,reservoir,update_tag
1124,deprecated,way,913687791,landuse,reservoir,update_tag
1125,deprecated,way,913687793,landuse,reservoir,update_tag
1126,deprecated,way,914713929,landuse,reservoir,update_tag
1127,deprecated,way,914713930,landuse,reservoir,update_tag
1128,deprecated,way,914713933,landuse,reservoir,update_tag
1129,deprecated,way,914713934,landuse,reservoir,update_tag
1130,deprecated,way,914713935,landuse,reservoir,update_tag
1131,deprecated,way,915239824,landuse,reservoir,update_tag
1132,deprecated,way,915239841,landuse,reservoir,update_tag
1133,deprecated,way,915239862,landuse,reservoir,update_tag
1134,deprecated,way,920533367,landuse,reservoir,update_tag
1135,deprecated,way,920533368,landuse,reservoir,update_tag
1136,deprecated,way,920533369,landuse,reservoir,update_tag
1137,deprecated,way,920533370,landuse,reservoir,update_tag
1138,deprecated,way,920533375,landuse,reservoir,update_tag
1139,deprecated,way,940570693,landuse,reservoir,update_tag
1140,deprecated,way,963726883,landuse,reservoir,update_tag
1141,deprecated,way,963726884,landuse,reservoir,update_tag
1142,deprecated,way,976495355,landuse,reservoir,update_tag
1143,deprecated,way,976497103,landuse,reservoir,update_tag
1144,deprecated,way,976497104,landuse,reservoir,update_tag
1145,deprecated,way,976497105,landuse,reservoir,update_tag
1146,deprecated,way,976497106,landuse,reservoir,update_tag
1147,deprecated,way,976497107,landuse,reservoir,update_tag
1148,deprecated,way,976497108,landuse,reservoir,update_tag
1149,deprecated,way,976497109,landuse,reservoir,update_tag
1150,deprecated,way,995418029,landuse,reservoir,update_tag
1151,deprecated,way,995715187,landuse,reservoir,update_tag
1152,deprecated,way,995715188,landuse,reservoir,update_tag
1153,deprecated,way,995715199,landuse,reservoir,update_tag
1154,deprecated,way,1010371063,landuse,reservoir,update_tag
1155,deprecated,way,1010371077,landuse,reservoir,update_tag
1156,deprecated,way,1023426332,residential,condominium,update_tag
1157,deprecated,way,1023426333,residential,condominium,update_tag
1158,deprecated,way,1052626030,landuse,reservoir,update_tag
1159,deprecated,way,1053930844,landuse,reservoir,update_tag
1160,deprecated,way,1056995130,landuse,reservoir,update_tag
1161,deprecated,way,1061492645,landuse,reservoir,update_tag
1162,deprecated,way,1079426891,landuse,reservoir,update_tag
1163,deprecated,way,1091510810,power,sub_station,update_tag
1164,deprecated,way,1091523690,power,sub_station,update_tag
1165,deprecated,way,1092815080,building,collapsed,update_tag
1166,deprecated,way,1092815081,building,collapsed,update_tag
1167,deprecated,way,1098358186,landuse,reservoir,update_tag
1168,deprecated,way,1112752290,landuse,reservoir,update_tag
1169,deprecated,relation,6675955,sport,football,update_tag
1170,deprecated,relation,13703992,residential,condominium,update_tag
1171,deprecated,relation,13704004,residential,condominium,update_tag
1172,deprecated,relation,13708031,residential,condominium,update_tag
1173,deprecated,relation,14591824,residential,condominium,update_tag
